<?xml version="1.0" encoding="UTF-8"?>
<project-private xmlns="http://www.netbeans.org/ns/project-private/1">
    <editor-bookmarks xmlns="http://www.netbeans.org/ns/editor-bookmarks/2" lastBookmarkId="0"/>
    <open-files xmlns="http://www.netbeans.org/ns/projectui-open-files/2">
        <group>
            <file>file:/C:/Users/pavan/OneDrive/Documents/xamppp/htdocs/Assignment_Final/includes/common.php</file>
            <file>file:/C:/Users/pavan/OneDrive/Documents/xamppp/htdocs/Assignment_Final/modal.php</file>
            <file>file:/C:/Users/pavan/OneDrive/Documents/xamppp/htdocs/Assignment_Final/includes/header.php</file>
            <file>file:/C:/Users/pavan/OneDrive/Documents/xamppp/htdocs/Assignment_Final/cart-remove.php</file>
            <file>file:/C:/Users/pavan/OneDrive/Documents/xamppp/htdocs/Assignment_Final/contact_us.php</file>
            <file>file:/C:/Users/pavan/OneDrive/Documents/xamppp/htdocs/Assignment_Final/signup_script.php</file>
            <file>file:/C:/Users/pavan/OneDrive/Documents/xamppp/htdocs/Assignment_Final/includes/footer.php</file>
            <file>file:/C:/Users/pavan/OneDrive/Documents/xamppp/htdocs/Assignment_Final/style.css</file>
            <file>file:/C:/Users/pavan/OneDrive/Documents/xamppp/htdocs/Assignment_Final/logout_script.php</file>
            <file>file:/C:/Users/pavan/OneDrive/Documents/xamppp/htdocs/Assignment_Final/settings_script.php</file>
            <file>file:/C:/Users/pavan/OneDrive/Documents/xamppp/htdocs/Assignment_Final/includes/check-if-added.php</file>
            <file>file:/C:/Users/pavan/OneDrive/Documents/xamppp/htdocs/Assignment_Final/includes/modal.php</file>
            <file>file:/C:/Users/pavan/OneDrive/Documents/xamppp/htdocs/Assignment_Final/signup.php</file>
            <file>file:/C:/Users/pavan/OneDrive/Documents/xamppp/htdocs/Assignment_Final/login_submit.php</file>
            <file>file:/C:/Users/pavan/OneDrive/Documents/xamppp/htdocs/Assignment_Final/products.php</file>
            <file>file:/C:/Users/pavan/OneDrive/Documents/xamppp/htdocs/Assignment_Final/about_us.php</file>
            <file>file:/C:/Users/pavan/OneDrive/Documents/xamppp/htdocs/Assignment_Final/index.php</file>
            <file>file:/C:/Users/pavan/OneDrive/Documents/xamppp/htdocs/Assignment_Final/sendemail.php</file>
            <file>file:/C:/Users/pavan/OneDrive/Documents/xamppp/htdocs/Assignment_Final/cart-add.php</file>
            <file>file:/C:/Users/pavan/OneDrive/Documents/xamppp/htdocs/Assignment_Final/cart.php</file>
            <file>file:/C:/Users/pavan/OneDrive/Documents/xamppp/htdocs/Assignment_Final/settings.php</file>
        </group>
    </open-files>
</project-private>
